Date,Amazon,Bitcoin,Crude Oil,DAX,Gold,Netflix,Real Estate,S&P 500,VIX,Zoom,sp_pct_change,vix_pct_change
2019-01-02,1539.130005,,46.540001,10580.19043,1281.0,267.660004,20.674026,2510.030029,23.219999,,,
2019-01-03,1500.280029,,47.09,10416.660156,1291.800049,271.200012,20.806313,2447.889893,25.450001,,-0.024756730111614167,0.09603798863212698
2019-01-04,1575.390015,,47.959999,10767.69043,1282.699951,297.570007,21.06143,2531.939941,21.379999,,0.03433571429840443,-0.15992148684002017
2019-01-07,1629.51001,,48.52,10747.80957,1286.800049,315.339996,21.269306,2549.689941,21.4,,0.007010434849805236,0.000935500511482612
2019-01-08,1656.579956,,49.779999,10803.980469,1283.199951,320.269989,21.713402,2574.409912,20.469999,,0.009695285141339438,-0.043457990654205525
2019-01-09,1659.420044,,52.360001,10893.320313,1289.300049,319.959991,21.685055,2584.959961,19.98,,0.004098045517469284,-0.023937421784925417
2019-01-10,1656.219971,,52.59,10921.589844,1284.699951,324.660004,21.977966,2596.639893,19.5,,0.004518418921847234,-0.024024024024024038
2019-01-11,1640.560059,,51.59,10887.459961,1287.099976,337.589996,22.034658,2596.26001,18.190001,,-0.0001462979140943732,-0.06717943589743591
2019-01-14,1617.209961,,50.509998,10855.910156,1289.099976,332.940002,21.95907,2582.610107,19.07,,-0.005257525420190867,0.048378172161727795
2019-01-15,1674.560059,,52.110001,10891.790039,1286.199951,354.640015,22.176392,2610.300049,18.6,,0.010721688854600231,-0.024646040901940114
2019-01-16,1683.780029,,52.310001,10931.240234,1291.599976,351.390015,22.337021,2616.100098,19.040001,,0.0022219855538148092,0.023655967741935457
2019-01-17,1693.219971,,52.07,10918.620117,1291.0,353.190002,22.450409,2635.959961,18.059999,,0.007591400273706306,-0.05147069057401832
2019-01-18,1696.199951,,53.799999,11205.540039,1281.300049,339.100006,22.507101,2670.709961,17.799999,,0.013183053048657412,-0.014396457054067446
2019-01-21,,,,11136.200195,,,,,,,0.0,0.0
2019-01-22,1632.170044,,52.57,11090.110352,1282.5,325.160004,22.45986,2632.899902,20.799999,,-0.014157306316348373,0.16853933531119858
2019-01-23,1640.02002,,52.619999,11071.540039,1283.099976,321.98999,22.450409,2638.699951,19.52,,0.002202912839790905,-0.06153841642011615
2019-01-24,1654.930054,,53.130001,11130.179688,1279.099976,326.670013,22.526001,2642.330078,18.889999,,0.0013757255722175454,-0.032274641393442605
2019-01-25,1670.569946,,53.689999,11281.790039,1297.400024,338.049988,22.781116,2664.76001,17.42,,0.008488694197122282,-0.07781890300788252
2019-01-28,1637.890015,,51.990002,11210.30957,1302.400024,335.660004,23.026787,2643.850098,18.870001,,-0.007846827452202776,0.08323771526980472
2019-01-29,1593.880005,,53.310001,11218.830078,1308.199951,328.899994,23.196865,2640.0,19.129999,,-0.0014562467073728769,0.013778377648204776
2019-01-30,1670.430054,,54.23,11181.660156,1309.900024,340.660004,23.395292,2681.050049,17.66,,0.015549260984848434,-0.07684260725784675
2019-01-31,1718.72998,,53.790001,11173.099609,1319.699951,339.5,23.631512,2704.100098,16.57,,0.0085973960122816,-0.061721404303510696
2019-02-01,1626.22998,,55.259998,11180.660156,1316.900024,339.850006,23.475605,2706.530029,16.139999,,0.00089860985612078,-0.02595057332528672
2019-02-04,1633.310059,,54.560001,11176.580078,1314.300049,351.339996,23.659859,2724.8701170000004,15.73,,0.006776236658558865,-0.025402665762246923
2019-02-05,1658.810059,,53.66,11367.980469,1314.199951,355.809998,23.80159,2737.699951,15.57,,0.004708420383032763,-0.010171646535282908
2019-02-06,1640.26001,,54.009998,11324.719727,1309.5,352.190002,23.640961,2731.610107,15.38,,-0.0022244380717381107,-0.012202954399486154
2019-02-07,1614.369995,,52.639999,11022.019531,1309.400024,344.709991,23.829937,2706.050049,16.370001000000002,,-0.009357139928022673,0.06436937581274393
2019-02-08,1588.219971,,52.720001,10906.780273,1313.699951,347.570007,23.839386,2707.879883,15.72,,0.0006762010926872897,-0.0397068393581651
2019-02-11,1591.0,,52.41,11014.589844,1307.0,345.730011,23.914976,2709.800049,15.97,,0.0007091030928123576,0.01590330788804062
2019-02-12,1638.01001,,53.099998,11126.080078,1309.199951,359.970001,23.754347,2744.72998,15.43,,0.012890224506745485,-0.03381340012523493
2019-02-13,1640.0,,53.900002,11167.219727,1310.800049,351.769989,23.886631,2753.030029,15.65,,0.003023994731897073,0.014257939079714843
2019-02-14,1622.650024,,54.41,11089.790039,1309.800049,359.070007,23.952772,2745.72998,16.219998999999998,,-0.002651641617818279,0.03642166134185287
2019-02-15,1607.949951,,55.59,11299.799805,1318.099976,356.869995,24.094503,2775.600098,14.91,,0.010878752906358091,-0.08076443161309677
2019-02-18,,,,11299.200195,,,,,,,0.0,0.0
2019-02-19,1627.579956,,56.09,11309.209961,1340.099976,361.920013,24.085056,2779.76001,14.88,,0.0014987432818573954,-0.002012072434607548
2019-02-20,1622.099976,,56.919998,11401.969727,1343.300049,359.910004,23.943323,2784.699951,14.02,,0.001777110607472876,-0.05779569892473124
2019-02-21,1619.439941,,56.959999,11423.280273,1323.5,356.970001,23.981119,2774.879883,14.46,,-0.003526436662044552,0.031383737517831856
2019-02-22,1631.560059,,57.259998,11457.700195,1329.199951,363.019989,24.113401,2792.669922,13.51,,0.006411102372030131,-0.0656984785615492
2019-02-25,1633.0,,55.48,11505.389648,1325.900024,363.910004,23.924425,2796.110107,14.85,,0.0012318623740310564,0.09918578830495939
2019-02-26,1636.400024,,55.5,11540.790039,1325.099976,364.970001,23.839386,2793.899902,15.17,,-0.0007904570690784318,0.02154882154882154
2019-02-27,1641.089966,,56.939999,11487.330078,1317.699951,362.869995,23.735449,2792.379883,14.7,,-0.0005440491976509421,-0.030982201713909086
2019-02-28,1639.829956,,57.220001,11515.639648,1312.800049,358.100006,23.80159,2784.48999,14.78,,-0.0028255084661058527,0.0054421768707482165
2019-03-01,1671.72998,,55.799999,11601.679688,1296.400024,357.320007,23.735449,2803.689941,13.57,,0.006895320532289029,-0.08186738836265217
2019-03-04,1696.1700440000004,,56.59,11592.660156,1284.800049,351.040009,23.829937,2792.810059,14.63,,-0.0038805582032795938,0.07811348563006626
2019-03-05,1692.430054,,56.560001,11620.740234,1282.0,354.299988,23.905525,2789.649902,14.74,,-0.0011315330914882793,0.007518796992481258
2019-03-06,1668.949951,,56.220001,11587.629883,1284.900024,359.609985,23.792141,2771.449951,15.74,,-0.006524098592784688,0.0678426051560379
2019-03-07,1625.949951,,56.66,11517.799805,1283.800049,352.600006,23.744898000000006,2748.929932,16.59,,-0.008125717367500784,0.05400254129606097
2019-03-08,1620.800049,,56.07,11457.839844,1297.0,349.600006,23.773243,2743.070068,16.049999,,-0.0021316891099282254,-0.03254978902953587
2019-03-11,1670.619995,,56.790001,11543.480469,1288.800049,358.859985,24.103952,2783.300049,14.33,,0.014666042063348428,-0.1071650534059223
2019-03-12,1673.099976,,56.869999,11524.169922,1296.300049,356.269989,24.217337,2791.52002,13.77,,0.0029533183111010164,-0.03907885554780188
2019-03-13,1690.810059,,58.259998,11572.410156,1307.5,361.209991,24.330725,2810.919922,13.41,,0.006949583689534133,-0.02614379084967311
2019-03-14,1686.219971,,58.610001,11587.469727,1293.400024,358.820007,24.377968,2808.47998,13.5,,-0.0008680225932099495,0.006711409395973034
2019-03-15,1712.359985,,58.52,11685.69043,1301.800049,361.459991,24.307318,2822.47998,12.88,,0.004984902901105981,-0.045925925925925815
2019-03-18,1742.1500239999998,,59.09,11657.05957,1300.300049,363.440002,24.183205,2832.939941,13.1,,0.0037059469240239284,0.017080745341614856
2019-03-19,1761.8499760000002,,59.029999,11788.410156,1305.0,358.7799990000001,24.106827,2832.570068,13.56,,-0.00013056153949719818,0.03511450381679393
2019-03-20,1797.27002,,59.830002,11603.889648,1300.5,375.220001,24.183205,2824.22998,13.91,,-0.002944353643434705,0.02581120943952797
2019-03-21,1819.26001,,59.98,11549.959961,1306.099976,377.869995,24.584188,2854.879883,13.63,,0.010852481284119753,-0.020129403306973326
2019-03-22,1764.77002,,59.040001,11364.169922,1311.599976,361.01001,24.40279,2800.709961,16.48,,-0.01897450128202116,0.20909757887013947
2019-03-25,1774.2600100000002,,58.82,11346.650391,1321.900024,366.230011,24.450527,2798.360107,16.33,,-0.0008390208314040803,-0.00910194174757295
2019-03-26,1783.7600100000002,,59.939999,11419.480469,1314.300049,359.970001,24.631926,2818.459961,14.68,,0.007182726036481402,-0.10104102878138388
2019-03-27,1765.699951,,59.41,11419.040039,1309.900024,353.369995,24.593739000000006,2805.3701170000004,15.15,,-0.00464432497928946,0.032016348773842074
2019-03-28,1773.4200440000004,,59.299999,11428.160156,1289.800049,354.609985,24.794226,2815.439941,14.43,,0.003589481451655274,-0.04752475247524757
2019-03-29,1780.75,,60.139999,11526.040039,1293.0,356.559998,24.794226,2834.399902,13.71,,0.006734280040534557,-0.04989604989604979
2019-04-01,1814.189941,,61.59,11681.990234,1288.400024,366.959991,24.775135,2867.189941,13.4,,0.011568600103627924,-0.022611232676878257
2019-04-02,1813.97998,,62.580002,11754.790039,1290.0,367.720001,24.927889,2867.23999,13.36,,1.7455767155283297e-05,-0.0029850746268657025
2019-04-03,1820.699951,,62.459999,11954.400391,1289.900024,369.75,24.927889,2873.399902,13.74,,0.0021483768437535744,0.02844311377245523
2019-04-04,1818.859985,,62.099998,11988.009766,1289.0,367.880005,24.870605,2879.389893,13.58,,0.0020846353463821465,-0.011644832605531286
2019-04-05,1837.280029,,63.080002,12009.75,1290.400024,365.48999,25.061552,2892.73999,12.82,,0.004636432541648805,-0.055964653902798256
2019-04-08,1849.859985,,64.400002,11963.400391,1297.099976,361.410004,24.918344,2895.77002,13.18,,0.0010474601970706932,0.02808112324492984
2019-04-09,1835.839966,,63.98,11850.570313,1303.5,364.709991,24.765587,2878.199951,14.28,,-0.006067494614092284,0.08345978755690431
2019-04-10,1847.329956,,64.610001,11905.910156,1309.099976,363.920013,25.023361,2888.209961,13.3,,0.003477871645617192,-0.06862745098039202
2019-04-11,1844.069946,,63.580002,11935.200195,1288.599976,367.649994,25.004269,2888.320068,13.02,,3.8122920939631655e-05,-0.021052631578947434
2019-04-12,1843.060059,,63.889999,11999.929688,1290.599976,351.140015,25.128382,2907.409912,12.01,,0.006609324295980379,-0.07757296466973884
2019-04-15,1844.869995,,63.400002,12020.280273,1286.800049,348.869995,24.994722,2905.580078,12.32,,-0.0006293691138795632,0.025811823480432983
2019-04-16,1863.040039,,64.050003,12101.320313,1272.599976,359.459991,24.440981,2907.060059,12.18,,0.0005093581867543495,-0.011363636363636465
2019-04-17,1864.819946,,63.759998,12153.070313,1272.199951,354.73999,24.202299,2900.449951,12.6,,-0.00227381198387544,0.034482758620689724
2019-04-18,1861.689941,,64.0,12222.389648,1271.900024,360.350006,24.374149,2905.030029,12.09,62.0,0.0015790922365066518,-0.04047619047619044
2019-04-22,1887.310059,,65.699997,,1273.5,377.339996,24.097279,2907.969971,12.42,65.699997,0.0010120177659616036,0.027295285359801413
2019-04-23,1923.77002,,66.300003,12235.509766,1269.300049,381.890015,24.393244,2933.679932,12.28,69.0,0.008841205808999053,-0.011272141706924366
2019-04-24,1901.75,,65.889999,12313.160156,1275.5,374.230011,24.603283,2927.25,13.14,63.200001,-0.0021917632969649103,0.07003257328990231
2019-04-25,1902.25,,65.209999,12282.599609,1275.800049,368.329987,24.574644,2926.169922,13.25,65.0,-0.00036897361004351037,0.008371385083713712
2019-04-26,1950.630005,,63.299999,12315.179688,1284.900024,374.850006,24.736944,2939.879883,12.73,66.220001,0.004685292161922483,-0.03924528301886787
2019-04-29,1938.430054,,63.5,12328.019531,1278.599976,371.829987,24.507811,2943.030029,13.11,68.16999799999999,0.0010715220095269817,0.02985074626865658
2019-04-30,1926.52002,,63.91,12344.080078,1282.800049,370.540009,24.756039,2945.830078,13.12,72.470001,0.0009514170675830602,0.0007627765064834868
2019-05-01,1911.52002,,63.599998,,1281.400024,378.809998,24.784681,2923.72998,14.8,72.760002,-0.007502163198430001,0.128048780487805
2019-05-02,1900.819946,,61.810001,12345.419922,1269.699951,379.059998,24.784681,2917.52002,14.42,75.5,-0.0021239854714627526,-0.025675675675675746
2019-05-03,1962.459961,,61.939999,12412.75,1279.199951,385.029999,25.023361,2945.639893,12.87,79.18,0.00963827936303252,-0.10748959778085998
2019-05-06,1950.550049,,62.25,12286.879883,1281.699951,378.670013,24.927889,2932.469971,15.44,78.239998,-0.004470988470551718,0.19968919968919963
2019-05-07,1921.0,,61.400002,12092.740234,1283.5,370.459991,24.469620000000006,2884.050049,19.32,73.33000200000002,-0.01651165143337796,0.25129533678756477
2019-05-08,1917.77002,,62.119999,12179.929688,1279.400024,364.369995,24.460073,2879.419922,19.4,77.68,-0.0016054253294270904,0.0041407867494822614
2019-05-09,1899.869995,,61.700001,11973.919922,1283.5,362.75,24.507811,2870.719971,19.1,75.209999,-0.0030214248826746504,-0.01546391752577303
2019-05-10,1889.97998,,61.66,12059.830078,1285.699951,361.040009,24.794226,2881.399902,16.040001,79.629997,0.0037202970362448795,-0.16020937172774874
2019-05-13,1822.680054,,61.040001,11876.650391,1300.099976,345.26001,24.756039,2811.8701170000004,20.549999,72.540001,-0.02413055714749579,0.28117192760773513
2019-05-14,1840.119995,,61.779999,11991.620117,1294.699951,345.609985,24.851513,2834.409912,18.059999,73.139999,0.008015944571453826,-0.12116788910792642
2019-05-15,1871.150024,,62.02,12099.570313,1296.300049,354.98999,25.004269,2850.959961,16.440001000000002,79.760002,0.00583897513550613,-0.08970089090259636
2019-05-16,1907.569946,,62.869999,12310.370117,1285.0,359.309998,25.128382,2876.320068,15.29,83.400002,0.008895286972429028,-0.06995139477181311
2019-05-17,1869.0,,62.759998,12238.94043,1274.5,354.450012,25.090195,2859.530029,15.96,89.980003,-0.005837333329762107,0.04381948986265538
2019-05-20,1858.969971,,63.099998,12041.290039,1276.099976,348.109985,24.71785,2840.22998,16.309998999999998,84.66999799999998,-0.0067493779761946815,0.021929761904761813
2019-05-21,1857.52002,,62.990002,12143.469727,1272.0,354.269989,24.927889,2864.360107,14.95,85.440002,0.00849583560835443,-0.08338437053245673
2019-05-22,1859.680054,,61.419998,12168.740234,1273.599976,359.730011,24.989944,2856.27002,14.75,82.43,-0.0028243959201321722,-0.013377926421404673
2019-05-23,1815.47998,,57.91,11952.410156,1284.800049,352.209991,25.032907,2822.23999,16.92,78.760002,-0.01191415018948383,0.14711864406779673
2019-05-24,1823.280029,,58.630001,12011.040039,1283.0,354.390015,25.128382,2826.060059,15.85,76.25,0.0013535592343441039,-0.06323877068557926
2019-05-27,,,,12071.179688,,,,,,,0.0,0.0
2019-05-28,1836.430054,,59.139999,12027.049805,1276.5,355.059998,24.851513,2802.389893,17.5,77.769997,-0.00837567691621377,0.10410094637223977
2019-05-29,1819.189941,,58.810001,11837.80957,1280.599976,349.190002,24.546001,2783.02002,17.9,75.769997,-0.006911912239044082,0.022857142857142687
2019-05-30,1816.319946,,56.59,11902.080078,1287.099976,351.850006,24.641474,2788.860107,17.299999,80.41999799999998,0.0020984710702871556,-0.03351960893854744
2019-05-31,1775.069946,,53.5,11726.839844,1305.800049,343.2799990000001,24.794226,2752.060059,18.709999,79.730003,-0.01319537251353431,0.08150289488456042
2019-06-03,1692.689941,,53.25,11792.80957,1322.699951,336.630005,24.861061,2744.449951,18.860001,75.900002,-0.0027652405241348488,0.008017210476601422
2019-06-04,1729.560059,,53.48,11971.169922,1323.400024,353.399994,24.746494,2803.27002,16.969998999999998,78.739998,0.0214323708029609,-0.10021218980847368
2019-06-05,1738.5,,51.68,11980.80957,1328.300049,355.730011,25.281137,2826.149902,16.09,78.040001,0.008161854490207121,-0.05185616098150614
2019-06-06,1754.359985,,52.59,11953.139648,1337.599976,357.130005,25.300234,2843.48999,15.93,79.43,0.006135586788134972,-0.009944064636420169
2019-06-07,1804.030029,,53.990002,12045.379883,1341.199951,360.869995,25.38616,2873.340088,16.299999,94.050003,0.010497697584650245,0.023226553672316408
2019-06-10,1860.630005,,53.259998,,1324.699951,352.01001,25.338423,2886.72998,15.94,102.0,0.004660044265529351,-0.022085829575817728
2019-06-11,1863.699951,,53.27,12155.80957,1326.400024,351.269989,25.367064000000006,2885.719971,15.99,94.870003,-0.0003498799704155786,0.0031367628607277265
2019-06-12,1855.319946,,51.139999,12115.679688,1331.900024,345.559998,25.443443,2879.840088,15.91,102.769997,-0.002037579203488127,-0.00500312695434646
2019-06-13,1870.300049,,52.279999,12169.049805,1339.199951,343.429993,25.55801,2891.639893,15.82,100.949997,0.0040973820210257195,-0.0056568196103079504
2019-06-14,1869.670044,,52.509998,12096.400391,1340.099976,339.730011,25.586651,2886.97998,15.28,100.290001,-0.0016115122119045866,-0.034134007585335024
2019-06-17,1886.030029,,51.93,12085.820313,1338.699951,350.619995,25.873072,2889.669922,15.35,98.110001,0.0009317494470466592,0.0045811518324607725
2019-06-18,1901.369995,,53.900002,12331.75,1346.599976,357.119995,25.815786,2917.75,15.15,99.639999,0.009717399826955075,-0.013029315960912058
2019-06-19,1908.790039,,53.759998,12308.530273,1344.599976,363.519989,25.987635,2926.459961,14.33,102.389999,0.00298516356781775,-0.054125412541254136
2019-06-20,1918.189941,,56.650002,12355.389648,1392.900024,365.209991,26.11175,2954.179932,14.75,102.300003,0.009472185291927948,0.0293091416608513
2019-06-21,1911.300049,,57.43,12339.919922,1396.199951,369.209991,25.796873,2950.459961,15.4,100.470001,-0.0012592228928592908,0.04406779661016946
2019-06-24,1913.900024,,57.900002,12274.570313,1414.300049,371.040009,25.604286,2945.350098,15.26,89.410004,-0.0017318869151060623,-0.00909090909090915
2019-06-25,1878.27002,,57.830002,12228.44043,1414.900024,360.299988,25.28652,2917.379883,16.280001000000002,85.029999,-0.009496397395675538,0.06684148099606824
2019-06-26,1897.829956,,59.380001,12245.320313,1411.599976,362.200012,24.776165,2913.780029,16.209999,86.33000200000002,-0.0012339339216592693,-0.004299876885757059
2019-06-27,1904.280029,,59.43,12271.030273,1408.400024,370.019989,25.055416,2924.919922,15.82,90.269997,0.0038231756993074573,-0.024059162495938424
2019-06-28,1893.630005,,58.470001,12398.799805,1409.699951,367.320007,25.209486,2941.76001,15.08,88.790001,0.005757452665057894,-0.04677623261694064
2019-07-01,1922.189941,,59.09,12521.379883,1385.599976,374.600006,25.132452,2964.330078,14.06,86.860001,0.007672300909413732,-0.06763925729442966
2019-07-02,1934.310059,,56.25,12526.719727,1404.599976,375.429993,25.556141,2973.01001,12.93,85.129997,0.0029281260087796745,-0.08036984352773835
2019-07-03,1939.0,,,12616.240234,,381.720001,25.902794,2995.820068,12.57,90.449997,0.007672378472751928,-0.0278422273781902
2019-07-04,,,,12629.900391,,,,,,,0.0,0.0
2019-07-05,1942.910034,,57.509998,12568.530273,1396.699951,380.549988,25.806501,2990.409912,13.28,91.879997,-0.0018059015151773439,0.056483691328560015
2019-07-08,1952.319946,,57.66,12543.509766,1397.0,376.160004,25.883533,2975.949951,13.96,90.760002,-0.004835444445918546,0.051204819277108626
2019-07-09,1988.300049,,57.830002,12436.549805,1397.5,379.929993,25.999088,2979.629883,14.09,90.93,0.0012365570861712083,0.009312320916905481
2019-07-10,2017.410034,,60.43,12373.410156,1410.099976,381.0,26.124266,2993.070068,13.03,92.720001,0.004510689423770975,-0.07523066004258339
2019-07-11,2001.069946,,60.200001,12332.120117,1404.300049,379.5,25.787243,2999.909912,12.93,91.400002,0.002285226822160702,-0.007674597083653034
2019-07-12,2011.0,,60.209999,12323.320313,1409.900024,373.25,25.748724,3013.77002,12.39,93.300003,0.004620174740767258,-0.0417633410672853
2019-07-15,2020.98999,,59.580002,12387.339844,1411.400024,366.600006,25.729465,3014.300049,12.68,99.800003,0.00017586909302380604,0.023405972558514954
2019-07-16,2009.900024,,57.619999,12430.969727,1409.199951,365.98999,25.67169,3004.040039,12.86,97.099998,-0.0034037785997461656,0.014195583596214423
2019-07-17,1992.030029,,56.779999,12341.030273,1421.300049,362.440002,25.575396,2984.419922,13.97,99.730003,-0.006531243507170825,0.0863141524105755
2019-07-18,1977.900024,,55.299999,12227.849609,1426.099976,325.209991,25.594656,2995.110107,13.53,95.190002,0.0035819976006714604,-0.03149606299212604
2019-07-19,1964.52002,,55.630001,12260.070313,1425.099976,315.100006,25.161337,2976.610107,14.45,93.379997,-0.006176734523636651,0.06799704360679981
2019-07-22,1985.630005,,56.220001,12289.400391,1425.300049,310.619995,25.132452,2985.030029,13.53,96.669998,0.0028286949574616305,-0.06366782006920413
2019-07-23,1994.48999,,56.77,12490.740234,1420.099976,307.299988,25.430956,3005.469971,12.61,97.389999,0.006847482873345578,-0.0679970436067997
2019-07-24,2000.810059,,55.880001,12522.889648,1422.800049,317.940002,25.459848,3019.560059,12.07,95.940002,0.0046881479888192246,-0.04282315622521804
2019-07-25,1973.819946,,56.02,12362.099609,1413.900024,326.459991,25.315407,3003.669922,12.74,97.110001,-0.005262401372888137,0.05550952775476392
2019-07-26,1943.050049,,56.200001,12419.900391,1418.5,335.7799990000001,25.402069,3025.860107,12.16,102.199997,0.007387690916858425,-0.04552590266875978
2019-07-29,1912.449951,,56.869999,12417.469727,1419.599976,332.700012,25.488733,3020.969971,12.83,96.470001,-0.0016161143698240066,0.05509868421052633
2019-07-30,1898.530029,,58.049999,12147.240234,1429.699951,325.929993,25.700581,3013.179932,13.94,95.489998,-0.0025786548938854237,0.08651597817614953
2019-07-31,1866.780029,,58.580002,12189.040039,1426.099976,322.98999,25.613918,2980.379883,16.120001000000002,95.510002,-0.01088552616843852,0.15638457675753248
2019-08-01,1855.319946,,53.950001,12253.150391,1420.900024,319.5,25.594656,2953.560059,17.870001000000006,95.099998,-0.008998793795710336,0.10856078731012508
2019-08-02,1823.23999,,55.66,11872.44043,1445.599976,318.829987,25.710209,2932.050049,17.610001,93.660004,-0.007282740005389532,-0.014549523528286645
2019-08-05,1765.130005,,54.689999,11658.509766,1464.599976,307.630005,25.228743,2844.73999,24.59,89.690002,-0.02977782013979524,0.3963656220121736
2019-08-06,1787.8299559999996,,53.630001,11567.959961,1472.400024,310.100006,25.488733,2881.77002,20.17,90.43,0.01301701741817185,-0.17974786498576645
2019-08-07,1793.4000239999998,,51.09,11650.150391,1507.300049,304.290009,25.758356,2883.97998,19.49,92.449997,0.000766875907745046,-0.03371343579573638
2019-08-08,1832.890015,,52.540001,11845.410156,1497.699951,315.899994,26.191673,2938.090088,16.91,95.769997,0.018762303613494513,-0.13237557721908666
2019-08-09,1807.579956,,54.5,11693.799805,1496.599976,308.929993,26.153154,2918.649902,17.969998999999994,94.199997,-0.006616606508901501,0.06268474275576552
2019-08-12,1784.9200440000004,,54.93,11679.679688,1505.300049,310.829987,26.095383,2882.699951,21.09,92.160004,-0.01231732212053438,0.17362276981762803
2019-08-13,1824.339966,,57.099998,11750.129883,1502.199951,312.2799990000001,26.124266,2926.320068,17.52,95.449997,0.015131688258040343,-0.1692745376955903
2019-08-14,1762.959961,,55.23,11492.660156,1515.900024,299.109985,25.724651,2840.600098,22.1,92.650002,-0.029292752675063927,0.26141552511415544
2019-08-15,1776.119995,,54.470001,11412.669922,1519.599976,295.76001,25.999088,2847.600098,21.18,90.639999,0.0024642680273538886,-0.041628959276018174
2019-08-16,1792.569946,,54.869999,11562.740234,1512.5,302.799988,26.23982,2888.679932,18.469999,92.529999,0.014426124661553574,-0.12795094428706322
2019-08-19,1816.119995,,56.209999,11715.370117,1500.400024,309.380005,26.461292,2923.649902,16.879998999999998,93.169998,0.012105865247517444,-0.08608554878644026
2019-08-20,1801.380005,,56.34,11651.179688,1504.599976,298.98999,26.259077,2900.51001,17.5,91.410004,-0.007914727404321087,0.03672991923755453
2019-08-21,1823.540039,,55.68,11802.849609,1504.599976,297.809998,26.365,2924.429932,15.8,93.010002,0.008246798638009256,-0.09714285714285709
2019-08-22,1804.660034,,55.349998,11747.040039,1497.300049,296.929993,26.470921,2922.949951,16.68,93.879997,-0.0005060750417732462,0.05569620253164542
2019-08-23,1749.619995,,54.169998,11611.509766,1526.599976,291.440002,26.133898,2847.110107,19.870001,91.629997,-0.0259463368416738,0.1912470623501199
2019-08-26,1768.869995,,53.639999,11658.040039,1526.300049,294.980011,26.326483000000003,2878.379883,19.32,91.760002,0.01098298795087671,-0.027679968410670885
2019-08-27,1761.8299559999996,,54.93,11730.019531,1541.0,291.0299990000001,26.23982,2869.159912,20.309999,91.730003,-0.003203180738739153,0.05124218426501037
2019-08-28,1764.25,,55.779999,11701.019531,1537.800049,291.769989,26.297594,2887.939941,19.35,90.160004,0.006545480062458031,-0.04726730907273802
2019-08-29,1786.4000239999998,,56.709999,11838.879883,1526.5,296.7799990000001,26.538324,2924.580078,17.879998999999994,90.870003,0.012687291892681252,-0.07596904392764892
2019-08-30,1776.290039,,55.099998,11939.280273,1519.099976,293.75,26.567217,2926.459961,18.98,91.669998,0.0006427873232610626,0.06152131216562173
2019-09-02,,,,11953.780273,,,,,,,0.0,0.0
2019-09-03,1789.839966,,53.939999,11910.860352,1545.900024,289.290009,26.827206,2906.27002,19.66,92.459999,-0.006899100370093891,0.035827186512118026
2019-09-04,1800.619995,,56.259998,12025.040039,1550.300049,291.519989,27.067938,2937.780029,17.33,93.529999,0.010842078947640221,-0.11851475076297058
2019-09-05,1840.719971,,56.299999,12126.780273,1515.400024,293.25,26.875351,2976.0,16.27,92.690002,0.013009813744635501,-0.06116560877091737
2019-09-06,1833.51001,,56.52,12191.730469,1506.199951,290.170013,26.933126,2978.709961,15.0,85.410004,0.0009106051747311827,-0.07805777504609712
2019-09-09,1831.349976,,57.849998,12226.099609,1502.199951,294.339996,26.798317,2978.429932,15.27,78.650002,-9.401015999088713e-05,0.018000000000000016
2019-09-10,1820.550049,,57.400002,12268.709961,1490.300049,287.98999,26.509441,2979.389893,15.2,80.349998,0.00032230437576741267,-0.004584151931892655
2019-09-11,1822.98999,,55.75,12359.070313,1494.400024,288.269989,26.557585,3000.929932,14.61,80.709999,0.0072296811674792405,-0.03881578947368425
2019-09-12,1843.550049,,55.09,12410.25,1498.699951,288.859985,26.692394,3009.570068,14.22,81.529999,0.0028791528612071016,-0.026694045174537884
2019-09-13,1839.339966,,54.849998,12468.530273,1490.900024,294.149994,26.393887,3007.389893,13.74,78.849998,-0.0007244141025927187,-0.03375527426160341
2019-09-16,1807.839966,,62.900002,12380.30957,1503.099976,294.290009,26.644249,2997.959961,14.67,80.66999799999998,-0.0031355867830603623,0.06768558951965065
2019-09-17,1822.550049,,59.34,12372.610352,1505.099976,298.600006,26.913870000000006,3005.699951,14.44,84.639999,0.00258175229178792,-0.015678254942058656
2019-09-18,1817.459961,,58.110001,12389.620117,1507.5,291.559998,26.827206,3006.72998,13.95,84.550003,0.00034269189100433195,-0.03393351800554023
2019-09-19,1821.5,,58.130001,12457.700195,1498.400024,286.600006,26.923498,3006.790039,14.05,84.620003,1.9974856538373942e-05,0.007168458781362075
2019-09-20,1794.160034,,58.09,12468.009766,1507.300049,270.75,26.908937,2992.070068,15.32,82.629997,-0.004895576614619701,0.090391459074733
2019-09-23,1785.300049,,58.639999,12342.330078,1523.699951,265.920013,26.928352,2991.780029,14.91,82.620003,-9.693589836079486e-05,-0.026762402088772896
2019-09-24,1741.609985,,57.290001,12307.150391,1532.099976,254.589996,26.908937,2966.600098,17.049999,80.019997,-0.008416371108813214,0.14352776659959754
2019-09-25,1768.3299559999996,,56.490002,12234.179688,1504.599976,264.75,26.947767,2984.8701170000004,15.96,79.599998,0.006158571562212778,-0.06392956386683657
2019-09-26,1739.839966,,56.41,12288.540039,1507.5,263.309998,27.171038,2977.6201170000004,16.07,79.75,-0.0024289164070183666,0.006892230576441172
2019-09-27,1725.449951,,55.91,12380.94043,1499.099976,263.079987,27.025429,2961.790039,17.219998999999998,76.040001,-0.005316352448595629,0.07156185438705642
2019-09-30,1735.910034,,54.07,12428.080078,1465.699951,267.619995,27.08367,2976.73999,16.24,76.199997,0.005047606617330613,-0.056910514338589624
2019-10-01,1735.6500239999998,,53.619999,12263.830078,1482.0,269.579987,26.802156,2940.25,18.559999,75.809998,-0.0122583732951429,0.14285708128078833
2019-10-02,1713.22998,,52.639999,11925.25,1501.0,268.02999900000003,26.675961,2887.610107,20.559999,73.849998,-0.017903203128985634,0.10775862649561563
2019-10-03,1724.4200440000004,,52.450001,,1507.099976,268.149994,26.967182,2910.629883,19.120001,76.83000200000002,0.007971912809210835,-0.07003881663612932
2019-10-04,1739.6500239999998,,52.810001,12012.80957,1506.199951,272.790009,27.122501,2952.01001,17.040001,76.529999,0.014216897600648926,-0.10878660518898498
2019-10-07,1732.660034,,52.75,12097.429688,1497.699951,274.459991,27.064257,2938.790039,17.860001,76.989998,-0.004478294773804015,0.048122062903634744
2019-10-08,1705.5100100000002,,52.630001,11970.200195,1497.199951,270.720001,26.938059000000006,2893.060059,20.280001,73.589996,-0.015560819042234386,0.13549831268206525
2019-10-09,1721.9899899999998,,52.59,12094.259766,1506.099976,267.52999900000003,26.986597,2919.399902,18.639999,72.860001,0.009104492289421895,-0.0808679447303774
2019-10-10,1720.2600100000002,,53.549999,12164.200195,1494.800049,280.480011,27.025429,2938.129883,17.57,71.010002,0.006415695563724677,-0.05740338290790681
2019-10-11,1731.9200440000004,,54.700001,12511.650391,1482.699951,282.929993,27.006012,2970.27002,15.58,71.349998,0.010938977608158984,-0.11326124075128063
2019-10-14,1736.430054,,53.59,12486.55957,1491.699951,285.5299990000001,27.015718,2966.149902,14.57,70.800003,-0.0013871190067763495,-0.06482670089858789
2019-10-15,1767.380005,,52.810001,12629.790039,1477.599976,284.25,27.044842,2995.679932,13.54,71.110001,0.009955676879340736,-0.07069320521619771
2019-10-16,1777.430054,,53.360001,12670.110352,1488.0,286.2799990000001,27.064257,2989.689941,13.68,67.690002,-0.001999543053987307,0.010339734121122657
2019-10-17,1787.47998,,53.93,12654.950195,1492.300049,293.350006,27.229282,2997.949951,13.79,67.029999,0.00276283165244795,0.008040935672514626
2019-10-18,1757.5100100000002,,53.779999,12633.599609,1488.199951,275.299988,27.452553,2986.199951,14.25,66.08000200000001,-0.0039193449497315624,0.033357505438723845
2019-10-21,1785.660034,,53.310001,12747.959961,1482.400024,278.049988,27.666117,3006.719971,14.0,65.769997,0.006871616213484977,-0.01754385964912286
2019-10-22,1765.72998,,54.16,12754.69043,1481.699951,266.690002,27.549627,2995.98999,14.46,62.0,-0.003568666554747746,0.03285714285714292
2019-10-23,1762.1700440000004,,55.970001,12798.19043,1489.900024,271.269989,27.617579,3004.52002,14.01,62.060001,0.002847149032029872,-0.03112033195020758
2019-10-24,1780.780029,,56.23,12872.099609,1498.900024,271.5,27.607872,3010.290039,13.71,64.519997,0.0019204461816166862,-0.021413276231263323
2019-10-25,1761.3299559999996,,56.66,12894.509766,1499.5,276.820007,27.326355,3022.550049,12.65,63.450001,0.004072700584051514,-0.07731582786287383
2019-10-28,1777.0799559999996,,55.810001,12941.709961,1490.0,281.859985,27.161331,3039.419922,13.11,66.559998,0.005581337852645696,0.036363636363636376
2019-10-29,1762.709961,,55.540001,12939.620117,1487.0,281.209991,27.277819,3036.889893,13.2,65.489998,-0.0008324052170899376,0.006864988558352492
2019-10-30,1779.9899899999998,,55.060001,12910.230469,1493.199951,291.450012,27.442846000000007,3046.77002,12.33,70.0,0.0032533701741288557,-0.0659090909090908
2019-10-31,1776.660034,,54.18,12866.790039,1511.400024,287.410004,27.365187,3037.560059,13.22,69.889999,-0.003022860583353104,0.0721816707218168
2019-11-01,1791.439941,,56.200001,12961.049805,1508.0,286.809998,27.35548,3066.909912,12.3,70.389999,0.009662311997104212,-0.06959152798789714
2019-11-04,1804.660034,,56.540001,13136.280273,1508.0,292.859985,27.151623,3078.27002,12.83,70.120003,0.0037040892383408686,0.04308943089430883
2019-11-05,1801.709961,,57.23,13148.5,1480.800049,288.0299990000001,26.724499,3074.6201170000004,13.1,66.889999,-0.0011856994273684585,0.02104442712392829
2019-11-06,1795.77002,,56.349998,13179.889648,1490.199951,288.589996,26.773033,3076.780029,12.62,66.83000200000001,0.0007024971924358692,-0.036641221374045796
2019-11-07,1788.199951,,57.150002,13289.459961,1464.199951,289.570007,26.49152,3085.179932,12.73,66.809998,0.002730095398704835,0.008716323296355188
2019-11-08,1785.880005,,57.240002,13228.55957,1461.300049,291.570007,26.433275,3093.080078,12.07,69.849998,0.0025606759327254647,-0.05184603299293011
2019-11-11,1771.6500239999998,,56.860001,13198.370117,1455.5,294.179993,26.49152,3087.01001,12.69,68.389999,-0.0019624671353238865,0.05136702568351281
2019-11-12,1778.0,,56.799999,13283.509766,1452.099976,292.01001,26.307081,3091.840088,12.68,68.0,0.0015646460440210674,-0.0007880220646178104
2019-11-13,1753.109985,,57.119999,13230.070313,1461.699951,283.109985,26.530348,3094.040039,13.0,68.010002,0.0007115345352233238,0.025236593059936974
2019-11-14,1754.5999760000002,,56.77,13180.230469,1471.800049,289.619995,26.743914,3096.629883,13.05,67.739998,0.0008370428201818214,0.0038461538461538325
2019-11-15,1739.4899899999998,,57.720001,13241.75,1467.300049,295.0299990000001,26.889523,3120.459961,12.05,70.010002,0.007695487966070225,-0.07662835249042144
2019-11-18,1752.530029,,57.049999,13207.009766,1470.900024,302.570007,27.006012,3122.030029,12.46,70.08000200000001,0.0005031527465895191,0.03402489626556027
2019-11-19,1752.790039,,55.209999,13221.120117,1473.300049,302.600006,27.073965,3120.179932,12.86,69.639999,-0.0005925942360627268,0.0321027287319422
2019-11-20,1745.530029,,57.110001,13158.139648,1473.300049,305.160004,27.054548,3108.459961,12.78,70.989998,-0.0037561843404613215,-0.0062208398133748455
2019-11-21,1734.709961,,58.580002,13137.700195,1463.099976,311.690002,26.675961,3103.540039,13.13,69.91999799999999,-0.0015827522508661263,0.027386541471048576
2019-11-22,1745.719971,,57.77,13163.879883,1463.099976,310.480011,26.578886,3110.290039,12.34,73.160004,0.0021749356912357243,-0.06016755521706019
2019-11-25,1773.839966,,58.009998,13246.450195,1456.599976,315.549988,26.646839,3133.639893,11.87,74.550003,0.007507291508899616,-0.038087520259319385
2019-11-26,1796.939941,,58.41,13236.419922,1459.800049,312.48999,26.996304,3140.52002,11.54,75.160004,0.0021955704021285882,-0.02780117944397642
2019-11-27,1818.51001,,58.110001,13287.070313,1453.400024,315.929993,27.151623,3153.629883,11.75,74.08000200000002,0.004174424272576305,0.018197573656845822
2019-11-28,,,,13245.580078,,,,,,,0.0,0.0
2019-11-29,1800.800049,,,13236.379883,,314.660004,27.015718,3140.97998,12.62,74.5,-0.004011219917781306,0.07404255319148922
2019-12-02,1781.5999760000002,,55.959999,12964.679688,1462.300049,309.98999,26.588594,3113.8701170000004,14.91,68.93,-0.008631020628154351,0.18145800316957228
2019-12-03,1769.959961,,56.099998,12989.290039,1478.199951,306.160004,26.773033,3093.199951,15.96,70.019997,-0.006638095111017206,0.07042253521126773
2019-12-04,1760.689941,,58.43,13140.570313,1474.0,304.320007,26.879816,3112.76001,14.8,69.959999,0.006323567603082392,-0.07268170426065168
2019-12-05,1740.47998,,58.43,13054.799805,1476.900024,302.859985,26.928352,3117.429932,14.52,69.66999799999999,0.0015002512191744088,-0.018918918918918948
2019-12-06,1751.5999760000002,,59.200001,13166.580078,1459.099976,307.350006,26.967182,3145.909912,13.62,62.740002,0.009135724177039783,-0.06198347107438018
2019-12-09,1749.5100100000002,,59.02,13105.610352,1459.300049,302.5,27.015718,3135.959961,15.86,65.940002,-0.003162821338922095,0.16446402349486045
2019-12-10,1739.209961,,59.240002,13070.719727,1462.599976,293.119995,26.860401,3132.52002,15.68,64.57,-0.0010969339668811529,-0.011349306431273631
2019-12-11,1748.719971,,58.759998,13146.740234,1469.400024,298.929993,26.598301,3141.629883,14.99,63.52,0.0029081579500966903,-0.04400510204081631
2019-12-12,1760.3299559999996,,59.18,13221.639648,1466.699951,298.440002,26.239128000000004,3168.570068,13.94,62.490002,0.008575225600500724,-0.07004669779853245
2019-12-13,1760.939941,,60.07,13282.719727,1475.599976,298.5,26.239128000000004,3168.800049,12.63,63.540001,7.258195181569782e-05,-0.09397417503586791
2019-12-16,1769.209961,,60.209999,13407.660156,1475.0,304.209991,26.423567,3191.449951,12.14,66.349998,0.007147785170966481,-0.03879651623119562
2019-12-17,1790.660034,,60.939999,13287.830078,1474.599976,315.480011,26.151762,3192.52002,12.29,66.16999799999999,0.0003352924270878521,0.012355848434925765
2019-12-18,1784.030029,,60.93,13222.160156,1472.599976,320.799988,26.481813,3191.139893,12.58,67.599998,-0.0004323001864839915,0.02359641985353944
2019-12-19,1792.280029,,61.220001,13211.959961,1478.199951,332.220001,26.71479,3205.3701170000004,12.5,68.18,0.0044592918133157244,-0.006359300476947549
2019-12-20,1786.5,,60.439999,13318.900391,1474.699951,336.899994,26.912331,3221.219971,12.51,66.93,0.004944781233199302,0.0007999999999999119
2019-12-23,1793.0,,60.52,13300.980469,1482.5,333.100006,26.746082,3224.01001,12.61,66.150002,0.0008661435807297835,0.007993605115907298
2019-12-24,1789.209961,,,,,333.200012,26.7852,3223.379883,12.67,66.459999,-0.00019544821450478977,0.004758128469468659
2019-12-26,1868.77002,,61.68,,1509.300049,332.630005,26.941668,3239.909912,12.65,67.449997,0.0051281665829021605,-0.0015785319652722452
2019-12-27,1869.800049,,61.720001,13337.110352,1513.800049,329.089996,27.019899,3240.02002,13.43,66.639999,3.3984895565053463e-05,0.061660079051383265
2019-12-30,1846.890015,,61.68,13249.009766,1514.5,323.309998,27.049238,3221.290039,14.82,66.790001,-0.005780822613559056,0.10349962769918108
2019-12-31,1847.839966,,61.060001,,1519.5,323.570007,27.244823,3230.780029,13.78,68.040001,0.0029460215892096464,-0.07017543859649134
2020-01-01,,7200.174316,,,,,,,,,0.0,0.0
2020-01-02,1898.01001,6985.470215,61.18,13385.929688,1524.5,329.809998,26.873213,3257.850098,12.47,68.720001,0.008378802876399583,-0.09506531204644408
2020-01-03,1874.969971,7344.884276999999,63.049999,13219.139648,1549.199951,325.899994,27.078575,3234.850098,14.02,67.279999,-0.007059870561300419,0.12429831595829977
2020-01-04,,7410.656738,,,,,,,,,0.0,0.0
2020-01-05,,7411.317383,,,1571.300049,,,,,,0.0,0.0
2020-01-06,1902.880005,7769.219238,63.27,13126.990234,1566.199951,335.829987,27.107912,3246.280029,13.85,70.32,0.0035333726923132414,-0.012125534950071293
2020-01-07,1906.859985,8163.692383,62.700001,13226.830078,1571.800049,330.75,26.7852,3237.179932,13.79,71.900002,-0.002803238450998058,-0.0043321299638989785
2020-01-08,1891.969971,8079.862793000001,59.610001,13320.179688,1557.400024,339.26001,26.882992,3253.050049,13.45,72.550003,0.004902451310513145,-0.024655547498187103
2020-01-09,1901.050049,7879.071289,59.560001,13495.05957,1551.699951,335.660004,26.863434,3274.699951,12.54,72.620003,0.0066552624994673515,-0.06765799256505578
2020-01-10,1883.160034,8166.554198999998,59.040001,13483.30957,1557.5,329.049988,27.098135,3265.350098,12.56,73.089996,-0.0028551785323552847,0.0015948963317384823
2020-01-11,,8037.537598000001,,,,,,,,,0.0,0.0
2020-01-12,,8192.494141,,,1559.900024,,,,,,0.0,0.0
2020-01-13,1891.300049,8144.194336,58.080002,13451.519531,1548.400024,338.920013,27.411068,3288.129883,12.32,74.029999,0.006976215203984504,-0.019108280254777066
2020-01-14,1869.439941,8827.764648,58.23,13456.490234,1542.400024,338.690002,27.303497,3283.149902,12.39,73.160004,-0.0015145329342819425,0.005681818181818121
2020-01-15,1862.02002,8807.010742,57.810001,13432.299805,1552.099976,339.070007,27.538198,3289.290039,12.42,76.940002,0.0018701969703727173,0.002421307506053294
2020-01-16,1877.939941,8723.786133,58.52,13429.429688,1549.0,338.619995,27.763121,3316.810059,12.32,76.110001,0.008366553169135038,-0.00805152979066015
2020-01-17,1864.719971,8929.038086,58.540001,13526.129883,1558.800049,339.670013,27.772898,3329.6201170000004,12.1,75.559998,0.0038621620690160174,-0.017857142857142905
2020-01-18,,8942.808594,,,,,,,,,0.0,0.0
2020-01-19,,8706.245117,,,1557.300049,,,,,,0.0,0.0
2020-01-20,,8657.642578,,13548.94043,,,,,,,0.0,0.0
2020-01-21,1892.0,8745.894531,58.34,13555.870117,1556.400024,338.109985,28.056496000000006,3320.790039,12.85,76.730003,-0.002651977609973266,0.06198347107438007
2020-01-22,1887.459961,8680.875977,56.740002,13515.75,1555.300049,326.0,27.890249,3321.75,12.91,75.540001,0.000289076089944329,0.0046692607003890885
2020-01-23,1884.579956,8406.515625,55.59,13388.419922,1564.599976,349.600006,28.105391,3325.540039,12.98,74.470001,0.0011409765936629679,0.005422153369481153
2020-01-24,1861.640015,8445.43457,54.189999,13576.679688,1571.099976,353.160004,27.99782,3295.469971,14.56,73.0,-0.009042160866312154,0.1217257318952234
2020-01-25,,8367.847656,,,,,,,,,0.0,0.0
2020-01-26,,8596.830078,52.639999,,1582.300049,,,,,,0.0,0.0
2020-01-27,1828.339966,8909.819336,53.139999,13204.769531,1576.800049,342.880005,27.86091,3243.629883,18.23,70.440002,-0.015730711690954746,0.25206043956043955
2020-01-28,1853.25,9358.589844,53.48,13323.69043,1569.199951,348.519989,27.968483000000006,3276.23999,16.280001000000002,71.510002,0.010053584464402299,-0.10696648381788254
2020-01-29,1858.0,9316.629883,53.330002,13345.0,1569.800049,343.160004,27.880470000000006,3273.399902,16.389999,73.58000200000002,-0.0008668742243146399,0.006756633491607156
2020-01-30,1870.680054,9508.993164,52.139999,13157.120117,1583.5,347.73999,27.900028,3283.659912,15.49,74.540001,0.0031343588645345033,-0.054911473759089224
2020-01-31,2008.719971,9350.529297,51.560001,12981.969727,1582.900024,345.089996,27.567535,3225.52002,18.84,76.300003,-0.017705820200054956,0.21626856036152353
2020-02-01,,9392.875,,,,,,,,,0.0,0.0
2020-02-02,,9344.365234,51.009998,,1593.5,,,,,,0.0,0.0
2020-02-03,2004.199951,9293.521484,50.110001,13045.19043,1577.199951,358.0,27.635990000000003,3248.919922,17.969998999999994,87.660004,0.007254613784725583,-0.04617839702760118
2020-02-04,2049.669922,9180.962891,49.610001,13281.740234,1550.400024,369.01001,27.948923,3297.590088,16.049999,85.790001,0.014980414158696442,-0.10684474718112091
2020-02-05,2039.869995,9613.423828,50.75,13478.330078,1557.800049,369.670013,27.958704,3334.689941,15.15,86.989998,0.01125059574111642,-0.05607470754359545
2020-02-06,2050.22998,9729.801758,50.950001,13574.820313,1565.099976,366.950012,28.066275,3345.780029,14.96,87.260002,0.003325672909989974,-0.012541254125412515
2020-02-07,2079.280029,9795.943359,50.32,13513.80957,1568.599976,366.769989,28.046717,3327.709961,15.47,88.639999,-0.005400853565797892,0.03409090909090917
2020-02-08,,9865.119141,,,,,,,,,0.0,0.0
2020-02-09,,10116.673828,49.759998,,1577.300049,,,,,,0.0,0.0
2020-02-10,2133.909912,9856.611328,49.57,13494.030272999997,1574.699951,371.070007,28.349871000000004,3352.090088,15.04,89.66999799999998,0.007326397818839148,-0.027795733678086743
2020-02-11,2150.800049,10208.236328,49.939999,13627.839844,1565.599976,373.690002,28.584570000000006,3357.75,15.18,88.68,0.0016884725205512652,0.009308510638297962
2020-02-12,2160.0,10326.054688,51.169998,13749.780272999997,1567.400024,380.01001,28.750818,3379.449951,13.74,88.279999,0.006462646415010154,-0.09486166007905139
2020-02-13,2149.8701170000004,10214.379883,51.419998,13745.429688,1575.099976,381.399994,28.926844,3373.939941,14.15,89.860001,-0.0016304458062382787,0.029839883551673996
2020-02-14,2134.8701170000004,10312.116211,52.049999,13744.209961000002,1582.699951,380.399994,29.229998,3380.159912,13.68,90.949997,0.0018435334086464028,-0.03321554770318025
2020-02-15,,9889.424805,,,,,,,,,0.0,0.0
2020-02-16,,9934.433594,52.18,,1585.800049,,,,,,0.0,0.0
2020-02-17,,9690.142578,,13783.889647999997,,,,,,,0.0,0.0
2020-02-18,2155.669922,10141.996094,52.049999,13681.19043,1600.0,387.779999,29.181101,3370.290039,14.83,96.389999,-0.002919942623117011,0.08406432748538006
2020-02-19,2170.219971,9633.386719,53.290001,13789.0,1607.5,386.190002,28.789934,3386.149902,14.38,103.93,0.00470578579780212,-0.030343897505057282
2020-02-20,2153.100098,9608.475586,53.779999,13664.0,1616.599976,386.0,29.132208,3373.22998,15.56,105.290001,-0.0038155198009305336,0.08205841446453399
2020-02-21,2095.969971,9686.441406,53.380001,13579.330078,1644.599976,380.070007,29.220219,3337.75,17.08,101.760002,-0.010518102889622738,0.09768637532133662
2020-02-22,,9663.181641,,,,,,,,,0.0,0.0
2020-02-23,,9924.515625,52.080002,,1667.5,,,,,,0.0,0.0
2020-02-24,2009.290039,9650.174805,51.43,13035.240234,1672.400024,368.700012,28.819271,3225.889893,25.030001,105.010002,-0.033513626544828146,0.46545673302107726
2020-02-25,1972.73999,9341.705078,49.900002,12790.490234,1646.900024,360.089996,28.036936,3128.209961,27.85,107.080002,-0.030279995672499505,0.11266475778406893
2020-02-26,1979.589966,8820.522461,48.73,12774.879883,1640.0,379.23999,27.743561,3116.389893,27.559999,106.879997,-0.0037785404903645237,-0.01041296229802513
2020-02-27,1884.300049,8784.494141,46.810001,12367.459961,1643.099976,371.709991,26.266903000000006,2978.76001,39.16,113.550003,-0.04416324263826643,0.4208999064187191
2020-02-28,1883.75,8672.455078,47.09,11890.349609,1642.5,369.029999,25.621477,2954.219971,40.110001,105.0,-0.00823834042273175,0.02425947395301331
2020-02-29,,8599.508789,,,,,,,,,0.0,0.0
2020-03-01,,8562.454102,44.57,,,,,,,,0.0,0.0
2020-03-02,1953.949951,8869.669922,44.759998,11857.870117,1566.699951,381.049988,26.706966,3090.22998,33.419998,113.110001,0.04603922874232036,-0.16679139449535285
2020-03-03,1908.98999,8787.786133,46.75,11985.389648,1594.800049,368.769989,26.66785,3003.3701170000004,36.82,117.470001,-0.02810789603432673,0.10173555366460518
2020-03-04,1975.829956,8755.246094,47.18,12127.69043,1644.400024,383.790009,27.684885,3130.1201170000004,31.99,116.800003,0.04220259077712596,-0.13117870722433467
2020-03-05,1924.030029,9078.762695,46.779999,11944.719727,1643.0,372.779999,27.078575,3023.939941,39.619999,125.0,-0.033922077118806127,0.23851200375117232
2020-03-06,1901.089966,9122.545898,45.900002,11541.870117,1668.0,368.970001,26.609175,2972.3701170000004,41.939999,114.32,-0.017053851930321717,0.0585562861826423
2020-03-07,,8909.954102,,,,,,,,,0.0,0.0
2020-03-08,,8108.116211,32.540001000000004,,,,,,,,0.0,0.0
2020-03-09,1800.609985,7923.644531,41.279999,10625.019531,1672.400024,346.48999,24.545767,2746.560059,54.459999,113.75,-0.07596969728248704,0.2985217047811566
2020-03-10,1891.819946,7909.729492,31.129999,10475.490234,1675.699951,364.130005,25.611698,2882.22998,47.299999,108.489998,0.04939630595567479,-0.1314726428841837
2020-03-11,1820.859985,7911.430176000002,34.360001000000004,10438.679688,1660.300049,349.920013,24.017691,2741.379883,53.900002,110.300003,-0.048868444911533415,0.13953495009587624
2020-03-12,1676.609985,4970.788086,32.98,9161.129883,1642.300049,315.25,21.572891,2480.639893,75.470001,109.470001,-0.09511268088633595,0.400185495354898
2020-03-13,1785.0,5563.707031,32.93,9232.080078,1590.300049,336.299988,23.470057,2711.02002,57.830002,107.470001,0.09287124973282035,-0.23373524269596868
2020-03-14,,5200.366211,,,,,,,,,0.0,0.0
2020-03-15,,5392.314941,30.41,,,,,,,,0.0,0.0
2020-03-16,1689.1500239999998,5014.47998,31.73,8742.25,1516.699951,298.839996,19.343237,2386.129883,82.690002,107.860001,-0.11984055248695646,0.4298806698986455
2020-03-17,1807.839966,5225.629395,28.700001,8939.099609,1486.5,319.75,20.448286,2529.189941,75.910004,111.099998,0.059954849490479356,-0.08199295968090559
2020-03-18,1830.0,5238.4384770000015,27.33,8441.709961,1525.800049,315.470001,18.59024,2398.100098,76.449997,118.709999,-0.051830762440945644,0.0071135946719222964
2020-03-19,1880.930054,6191.192871,20.83,8610.429688,1477.900024,332.0299990000001,18.560902,2409.389893,72.0,123.769997,0.004707808072488717,-0.05820794211411151
2020-03-20,1846.089966,6198.77832,25.91,8928.950195,1479.300049,332.829987,17.729048000000006,2304.919922,66.040001,130.550003,-0.043359512424085644,-0.0827777638888888
2020-03-21,,6185.066406,,,,,,,,,0.0,0.0
2020-03-22,,5830.254883,21.540001,,1495.599976,,,,,,0.0,0.0
2020-03-23,1902.829956,6416.314941,24.450001,8741.150391,1575.699951,360.269989,16.776085000000002,2237.399902,61.59,159.559998,-0.029293868023585024,-0.06738341811957271
2020-03-24,1940.099976,6734.803711,24.549999,9700.570313,1696.0999760000002,357.320007,18.3445,2447.330078,61.669998,135.179993,0.09382773987446069,0.0012988796882609233
2020-03-25,1885.839966,6681.0629880000015,24.309999,9874.259766,1638.099976,342.390015,19.317314,2475.560059,63.950001,138.110001,0.011535011665884554,0.03697102438693123
2020-03-26,1955.48999,6716.44043,23.049999,10000.959961,1636.599976,362.98999,20.677271,2630.070068,61.0,141.149994,0.062414162984360866,-0.04612980381345111
2020-03-27,1900.099976,6469.79834,21.84,9632.519531,1630.599976,357.119995,20.687197,2541.469971,65.540001,151.699997,-0.03368735231733755,0.07442624590163938
2020-03-28,,6242.193848,,,,,,,,,0.0,0.0
2020-03-29,,5922.042969,20.280001,,1664.199951,,,,,,0.0,0.0
2020-03-30,1963.949951,6429.841797,20.48,9815.969727,1637.199951,370.959991,21.133898,2626.649902,57.080002,150.880005,0.03351600922771647,-0.12908145973327045
2020-03-31,1949.719971,6438.644531,20.280001,9935.839844,1592.400024,375.5,20.64749,2584.590088,53.540001,146.119995,-0.01601272174414059,-0.06201823538828899
2020-04-01,1907.699951,6606.776367,21.190001,9544.75,1605.199951,364.079987,19.287535,2470.5,57.060001,137.0,-0.044142430372115515,0.06574523597786275
2020-04-02,1918.829956,6793.624512,24.77,9570.820313,1637.699951,370.079987,19.357021,2526.899902,50.91,121.93,0.022829347095729702,-0.10778129849664753
2020-04-03,1906.589966,6733.387206999999,29.0,9525.769531,1648.800049,361.76001,19.059223,2488.649902,46.799999,128.199997,-0.01513712512700871,-0.08073072087998423
2020-04-04,,6867.527344,,,,,,,,,0.0,0.0
2020-04-05,,6791.129395,,,,,,,,,0.0,0.0
2020-04-06,1997.589966,7271.78125,26.83,10075.169922,1730.699951,379.959991,20.458883,2663.679932,45.240002,122.940002,0.07033131894499789,-0.03333326994301866
2020-04-07,2011.599976,7176.414551000002,26.08,10356.700195,1693.9000239999998,372.279999,20.637564,2659.409912,46.700001,113.75,-0.001603052960193252,0.03227230184472596
2020-04-08,2043.0,7334.098633,26.41,10332.889648,1680.699951,371.119995,22.086859,2749.97998,43.349998,117.809998,0.03405645274589775,-0.07173453807848962
2020-04-09,2042.76001,7302.089355,23.190001,10564.740234,1740.5999760000002,370.720001,23.33762,2789.820068,41.669998,124.510002,0.014487410195618944,-0.03875432704748916
2020-04-10,,6865.493164,,,,,,,,,0.0,0.0
2020-04-11,,6859.083008,,,,,,,,,0.0,0.0
2020-04-12,,6971.091797,23.190001,,1738.199951,,,,,,0.0,0.0
2020-04-13,2168.8701170000004,6845.037598000001,22.92,,1769.4000239999998,396.720001,22.285393,2761.629883,41.169998,135.919998,-0.010104660627883844,-0.011999040652701742
2020-04-14,2283.320068,6842.427734000001,20.860001,10696.55957,1751.300049,413.549988,22.980259,2846.060059,37.759998,141.889999,0.03057258922339079,-0.0828273054567551
2020-04-15,2307.679932,6642.1098630000015,20.290001,10279.759766,1743.300049,426.75,22.047152,2783.360107,40.84,151.559998,-0.022030438817243536,0.08156785389660248
2020-04-16,2408.189941,7116.804198999998,19.9,10301.540039,1730.0999760000002,439.170013,21.80891,2799.550049,40.110001,150.259995,0.0058166896763673925,-0.017874608227228417
2020-04-17,2375.0,7096.18457,18.120001,10625.780273,1694.5,422.959991,22.454145,2874.560059,38.150002,150.059998,0.026793594930297315,-0.048865593396519635
2020-04-18,,7257.665039,,,,,,,,,0.0,0.0
2020-04-19,,7189.424805,17.040001,,1690.199951,,,,,,0.0,0.0
2020-04-20,2393.610107,6881.958495999998,-2.72,10675.900391,1707.699951,437.48999,21.640158,2823.159912,43.830002,148.990005,-0.017881048210862893,0.14888596860361902
2020-04-21,2328.1201170000004,6880.323242,9.06,10249.849609,1706.0,433.829987,21.24309,2736.560059,45.41,143.270004,-0.030674795512610764,0.03604832142147729
2020-04-22,2363.48999,7117.20752,11.57,10415.030273,1687.800049,421.420013,21.590525,2799.310059,41.98,150.25,0.022930247700439832,-0.07553402334287607
2020-04-23,2399.449951,7429.724609000001,17.17,10513.790039,1747.5999760000002,426.700012,21.362211,2797.800049,41.380001,169.089996,-0.0005394222033908713,-0.014292496426869916
2020-04-24,2410.219971,7550.900879000002,17.18,10336.089844,1745.699951,424.98999,21.451551,2836.73999,35.93,158.800003,0.013918057158487152,-0.13170615921444762
2020-04-25,,7569.936035,,,,,,,,,0.0,0.0
2020-04-26,,7679.867187999998,16.67,,1741.4000239999998,,,,,,0.0,0.0
2020-04-27,2376.0,7795.601073999998,12.34,10659.990234,1720.300049,421.380005,22.20598,2878.47998,33.290001000000004,164.600006,0.014714069723394063,-0.07347617589757849
2020-04-28,2314.080078,7807.058594,13.4,10795.629883,1721.0,403.829987,22.414438,2863.389893,33.57,156.720001,-0.005242380389944623,0.00841090392277244
2020-04-29,2372.709961,8801.038086,12.34,11107.740234,1722.199951,411.890015,22.761873,2939.51001,31.23,146.479996,0.026583916212768344,-0.06970509383378021
2020-04-30,2474.0,8658.553711,15.06,10861.639648,1713.4000239999998,419.850006,22.464071,2912.429932,34.150002,135.169998,-0.009212446260729035,0.0934999039385207
2020-05-01,2286.040039,8864.766602,18.84,,1694.199951,415.269989,21.660011,2830.709961,37.189999,138.559998,-0.02805903417696365,0.08901894061382487
2020-05-02,,8988.59668,,,,,,,,,0.0,0.0
2020-05-03,,8897.46875,18.610001,,1706.4000239999998,,,,,,0.0,0.0
2020-05-04,2315.98999,8912.654297,19.780001,10466.799805,1700.9000239999998,428.14999400000005,21.580597,2842.73999,35.970001,143.440002,0.004249827487006197,-0.03280446444755203
2020-05-05,2317.800049,9003.070313,25.790001,10729.459961,1712.0999760000002,424.679993,21.689793,2868.439941,33.610001000000004,144.820007,0.009040556326081806,-0.06561022892381907
2020-05-06,2351.26001,9268.761719,23.780001,10606.200195,1691.9000239999998,434.26001,21.30265,2848.419922,34.119999,149.589996,-0.006979410206169656,0.01517399538310027
2020-05-07,2367.610107,9951.518555,23.59,10759.269531,1723.199951,436.529999,21.610378,2881.189941,31.440001,157.800003,0.011504630601302246,-0.0785462508366428
2020-05-08,2379.610107,9842.666016,24.629999,10904.480469,1704.800049,435.549988,22.126566,2929.800049,27.98,155.399994,0.016871538841735756,-0.1100509188915102
2020-05-09,,9593.896484,,,,,,,,,0.0,0.0
2020-05-10,,8756.430664,24.66,,1708.5999760000002,,,,,,0.0,0.0
2020-05-11,2409.0,8601.795898,24.51,10824.990234,1700.0999760000002,440.519989,21.828764000000003,2930.189941,27.57,166.479996,0.00013307802357820364,-0.014653323802716223
2020-05-12,2356.949951,8804.477539,25.23,10819.5,1706.0999760000002,431.820007,20.796391,2870.1201170000004,33.040001000000004,161.03999299999995,-0.020500317457065376,0.1984040986579616
2020-05-13,2367.919922,9269.987305,25.690001,10542.660156,1725.800049,438.269989,20.309982,2820.0,35.279999,167.139999,-0.01746272454004072,0.0677965475848501
2020-05-14,2388.850098,9733.72168,27.73,10337.019531,1742.800049,441.950012,20.379471,2852.5,32.610001000000004,167.910004,0.01152482269503552,-0.07568021756463184
2020-05-15,2409.780029,9328.197266,29.65,10465.169922,1754.0999760000002,454.190002,20.280203,2863.699951,31.889999,174.830002,0.0039263631901840235,-0.022079177489139123
2020-05-16,,9377.013672,,,,,,,,,0.0,0.0
2020-05-17,,9670.739258,30.27,,1767.9000239999998,,,,,,0.0,0.0
2020-05-18,2426.26001,9726.575195,33.23,11058.870117,1736.5,452.579987,21.491257,2953.909912,29.299999,164.690002,0.03150119165539622,-0.0812166848923388
2020-05-19,2449.330078,9729.038086,32.360001000000004,11075.290039,1749.0,451.040009,21.203384,2922.939941,30.530001,173.679993,-0.010484399295383806,0.04197959187643652
2020-05-20,2497.939941,9522.981445,33.599998,11223.709961,1749.699951,447.670013,21.42177,2971.610107,27.99,175.479996,0.016651100256048545,-0.0831968855814974
2020-05-21,2446.73999,9081.761719,33.889999,11065.929688,1725.300049,436.25,21.411844,2948.51001,29.530001,172.029999,-0.007773596188000886,0.055019685602000656
2020-05-22,2436.879883,9182.577148,33.560001,11073.870117,1734.699951,429.320007,21.709646,2955.449951,28.16,171.059998,0.0023537111885199025,-0.04639353043029015
2020-05-23,,9209.287109,,,,,,,,,0.0,0.0
2020-05-24,,8790.368164,33.0,,1730.0999760000002,,,,,,0.0,0.0
2020-05-25,,8906.93457,,11391.280273,,,,,,,0.0,0.0
2020-05-26,2421.860107,8835.052734,34.029999,11504.650391,1705.0,414.769989,22.53356,2991.77002,28.01,164.0,0.012289184253555296,-0.005326704545454475
2020-05-27,2410.389893,9181.017578,31.73,11657.69043,1707.5,419.89001500000006,22.990187,3036.129883,27.620001,161.970001,0.01482729711958286,-0.013923563013209628
2020-05-28,2401.100098,9525.750977,33.610001000000004,11781.129883,1734.0999760000002,413.440002,23.089453,3029.72998,28.59,163.550003,-0.0021079147620906014,0.035119441161497456
2020-05-29,2442.3701170000004,9439.124023,35.32,11586.849609,1743.0,419.7300110000001,22.861139,3044.310059,27.51,179.479996,0.004812336114520699,-0.03777544596012583
2020-05-30,,9700.414063,,,,,,,,,0.0,0.0
2020-05-31,,9461.058594,35.299999,,1755.0999760000002,,,,,,0.0,0.0
2020-06-01,2471.040039,10167.268555,35.459999,,1756.800049,425.920013,23.347548,3055.72998,28.23,204.149994,0.0037512345256156543,0.026172300981461172
2020-06-02,2472.409912,9529.803711,37.259998,12021.280273,1734.699951,427.30999800000006,23.565933,3080.820068,26.84,208.080002,0.00821083281710644,-0.04923839886645409
2020-06-03,2478.399902,9656.717773,36.91,12487.360352,1702.0999760000002,421.970001,24.300507,3122.8701170000004,25.66,223.869995,0.013648979191211996,-0.04396423248882264
2020-06-04,2460.600098,9800.636719,37.25,12430.55957,1719.800049,414.329987,24.062267,3112.350098,25.809999,210.350006,-0.003368702061200879,0.005845635229929869
2020-06-05,2483.0,9665.533203,38.970001,12847.679688,1688.5999760000002,419.600006,24.955667,3193.929932,24.52,207.600006,0.026211650820524124,-0.049980590855505325
2020-06-06,,9653.679688,,,,,,,,,0.0,0.0
2020-06-07,,9758.852539,40.419998,,1684.0999760000002,,,,,,0.0,0.0
2020-06-08,2524.060059,9771.489258,38.59,12819.589844,1704.800049,419.48999,25.581049,3232.389893,25.809999,209.830002,0.012041579439382666,0.052610073409461666
2020-06-09,2600.860107,9795.700195,38.389999,12617.990234,1721.199951,434.049988,25.193909,3207.179932,27.57,205.429993,-0.007799170840929293,0.06819066517592653
2020-06-10,2647.449951,9870.094727,38.73,12530.160156,1745.0999760000002,434.4800110000001,24.538748,3190.139893,27.57,221.020004,-0.005313091052354446,0.0
2020-06-11,2557.959961,9321.78125,35.79000100000001,11970.290039,1736.0,425.55999800000006,23.000113,3002.100098,40.790001,222.070007,-0.05894405929113278,0.4795067464635472
2020-06-12,2545.02002,9480.84375,36.560001,11949.280273,1737.300049,418.070007,23.8141,3041.310059,36.09,219.520004,0.013060843982557913,-0.11522434137719173
2020-06-13,,9475.277344,,,,,,,,,0.0,0.0
2020-06-14,,9386.788086,35.59,,1740.5999760000002,,,,,,0.0,0.0
2020-06-15,2572.679932,9450.702148,37.259998,11911.349609,1731.4000239999998,425.5,24.14168,3066.590088,34.400002,239.020004,0.00831221694256068,-0.04682732058742045
2020-06-16,2615.27002,9538.024414,37.810001,12315.660156,1735.4000239999998,436.130005,24.598309,3124.73999,33.669998,242.559998,0.018962398081031173,-0.021221045277846184
2020-06-17,2640.97998,9480.254883,37.439999,12382.139648,1736.9000239999998,447.769989,24.250874,3113.48999,33.470001,236.75999500000003,-0.003600299556444031,-0.005939917192748112
2020-06-18,2653.97998,9411.84082,39.290001,12281.530273,1729.800049,449.869995,23.962999,3115.340088,32.939999,241.570007,0.0005942199929795944,-0.015835135469520978
2020-06-19,2675.01001,9288.018555,39.43,12330.759766,1756.199951,453.720001,23.66,3097.73999,35.119999,243.479996,-0.0056494949196056465,0.06618093704252992
2020-06-20,,9332.34082,,,,,,,,,0.0,0.0
2020-06-21,,9303.629883,39.77,,1760.800049,,,,,,0.0,0.0
2020-06-22,2713.820068,9648.717773,40.599998,12262.969727,1767.300049,468.040009,23.6,3117.860107,31.77,251.270004,0.006495095477655033,-0.09538721797799599
2020-06-23,2764.409912,9629.658203,40.029999,12523.759766,1785.4000239999998,466.26001,23.51,3131.290039,31.370001,252.809998,0.004307419685010361,-0.012590462700660998
2020-06-24,2734.399902,9313.610352,37.950001,12093.94043,1771.0,457.850006,22.860001,3050.330078,33.84,255.899994,-0.025855145959540415,0.07873761304629867
2020-06-25,2754.580078,9264.813477,39.139999,12177.870117,1775.9000239999998,465.910004,23.139999,3083.76001,32.220001,259.51001,0.010959447386073906,-0.04787231087470445
2020-06-26,2692.8701170000004,9162.917969,38.16,12089.389648,1784.800049,443.39999400000005,22.709999,3009.050049,34.73,256.799988,-0.024226905063212123,0.07790189081620436
2020-06-27,,9045.390625,,,,,,,,,0.0,0.0
2020-06-28,,9143.582031,37.849998,,1785.300049,,,,,,0.0,0.0
2020-06-29,2680.379883,9190.854492,39.630001,12232.120117,1784.699951,447.23999,23.120001,3053.23999,31.780001,248.559998,0.01468567829727041,-0.08494094442844802
2020-06-30,2758.820068,9137.993164,39.66,12310.929688,1800.4000239999998,455.040009,23.379999,3100.290039,30.43,253.539993,0.015409875789030192,-0.04247957701448779
2020-07-01,2878.699951,9228.325195,39.610001,12260.570313,1778.300049,485.64001500000006,23.93,3115.860107,28.620001,259.130005,0.005022132705049254,-0.059480742688136745
2020-07-02,2890.300049,9123.410156,40.32,12608.459961,1787.0999760000002,476.89001500000006,23.879999,3130.01001,27.68,261.73999,0.004541251055594886,-0.03284419871264155
2020-07-03,,9087.303711,,12528.179688,,,,,,,0.0,0.0
2020-07-04,,9132.488281,,,,,,,,,0.0,0.0
2020-07-05,,9073.942383,40.400002,,1786.800049,,,,,,0.0,0.0
2020-07-06,,9191.608398,,,,,,,,,0.0,0.0
